4.1176e-09,7.0476e-10,1.9432e-09,3.598e-09,4.1122e-10,1.6325e-10,2.7641e-11,1.7243e-09,1.1751e-10,1.693e-09,4.0388e-10,1.6406e-09,6.4215e-10,1.0274e-09,1.1789e-10,6.4616e-11,6.5574e-11,1.4735e-09,3.6952e-11,2.8438e-10,3.0462e-10,4.7754e-10,1.4918e-10,2.3521e-10,1.0128e-09,2.1205e-10,2.8237e-10,7.9393e-10,3.7554e-11,8.2915e-10,3.882e-10,1.3975e-09,5.0428e-10,5.8699e-10,2.117e-09,4.0823e-09,9.7074e-10,4.78e-09,4.938e-09,3.9798e-09
7.0476e-10,4.1067e-09,2.2175e-09,2.5576e-09,1.1618e-09,1.5278e-09,8.6161e-10,8.677e-10,2.1661e-09,9.9015e-10,5.5195e-10,6.1636e-10,2.0667e-09,1.9081e-09,1.3885e-09,2.5219e-10,1.1017e-09,2.0497e-09,1.7813e-09,3.9312e-10,1.0626e-09,1.6382e-09,2.4593e-11,6.8477e-10,5.6692e-10,1.2575e-09,5.3034e-10,1.6814e-09,3.7779e-11,2.1477e-10,2.3939e-09,4.5911e-10,4.6288e-10,2.4147e-09,2.9208e-10,4.7188e-10,3.1193e-09,2.8388e-09,9.1513e-10,2.7457e-10
1.9432e-09,2.2175e-09,1.5247e-10,5.4089e-10,3.0825e-09,5.0146e-10,4.2937e-10,1.367e-09,6.7242e-09,2.9617e-10,2.8733e-10,6.6412e-10,1.5395e-10,1.7904e-10,3.1539e-10,5.3158e-10,2.1316e-09,1.3713e-09,4.5416e-10,1.8724e-11,1.3736e-09,2.1211e-10,4.8894e-10,7.7374e-10,1.1545e-09,3.0133e-10,2.5995e-10,5.4367e-10,1.8186e-10,8.9847e-10,1.1121e-09,4.3957e-11,6.2538e-09,2.5521e-11,1.4993e-09,2.4675e-09,2.4212e-12,4.2579e-10,1.1045e-09,6.4942e-09
3.598e-09,2.5576e-09,5.4089e-10,2.9635e-09,3.0351e-09,5.7576e-10,4.5917e-10,3.2014e-10,2.5318e-10,1.9858e-09,1.8621e-10,4.8976e-11,7.7394e-11,2.1514e-09,4.7761e-11,1.2589e-11,1.3766e-10,8.5829e-11,1.688e-10,1.0652e-09,1.0107e-09,1.2263e-10,2.4504e-10,1.0518e-09,3.6015e-10,8.4027e-11,9.2699e-10,5.1722e-10,1.2743e-09,1.1437e-10,1.8959e-09,5.4877e-10,6.8158e-10,1.1879e-09,1.2398e-09,5.4436e-11,2.1512e-09,2.0027e-09,3.4211e-09,3.7966e-09
4.1122e-10,1.1618e-09,3.0825e-09,3.0351e-09,1.2689e-09,3.3992e-10,1.4685e-09,3.1509e-10,1.4696e-09,2.3443e-09,5.1235e-11,1.834e-09,1.6157e-10,3.2622e-10,8.8615e-11,4.7216e-12,4.5536e-10,4.2737e-10,4.5611e-10,3.6019e-10,5.1281e-10,5.6997e-10,1.7789e-10,2.8045e-10,9.5901e-10,6.7511e-10,2.0318e-10,1.4394e-09,1.3479e-09,5.0006e-10,9.5104e-10,6.949e-10,2.4835e-09,1.2242e-09,1.2882e-09,4.0173e-09,1.9422e-09,3.8446e-10,1.5239e-09,7.6182e-10
1.6325e-10,1.5278e-09,5.0146e-10,5.7576e-10,3.3992e-10,2.2834e-09,4.0218e-09,3.1487e-09,5.0218e-10,1.3113e-09,1.2459e-09,3.3397e-10,9.378e-10,9.5664e-10,4.7405e-10,8.9488e-10,4.4793e-11,2.5031e-11,6.2696e-10,9.6417e-11,1.2007e-10,5.567e-10,1.4832e-10,1.3648e-10,5.8534e-12,4.0577e-11,4.0109e-10,3.0042e-10,1.2599e-09,8.5971e-10,8.0226e-10,3.7882e-09,3.641e-10,2.2672e-10,4.2653e-11,5.9527e-10,6.4231e-10,2.0862e-09,4.738e-10,1.0184e-09
2.7641e-11,8.6161e-10,4.2937e-10,4.5917e-10,1.4685e-09,4.0218e-09,7.7867e-10,9.7922e-10,2.2471e-09,7.8489e-11,5.1743e-10,5.0498e-10,1.0728e-09,6.4897e-11,7.2721e-11,1.7097e-10,3.5371e-10,2.0668e-11,4.4462e-11,3.7144e-10,2.1994e-10,2.7541e-10,5.5767e-10,3.0912e-10,4.0768e-10,8.4644e-10,5.8281e-10,1.7252e-10,3.2941e-10,1.4494e-09,1.816e-10,1.7211e-09,1.189e-09,1.1259e-09,2.4673e-09,4.0087e-10,1.7457e-09,3.3253e-10,2.0541e-09,9.5682e-10
1.7243e-09,8.677e-10,1.367e-09,3.2014e-10,3.1509e-10,3.1487e-09,9.7922e-10,1.9645e-09,1.4827e-11,6.4234e-10,3.318e-10,4.0285e-10,1.4314e-10,6.7158e-10,3.8008e-10,2.5595e-10,2.8838e-10,1.087e-10,1.6836e-10,2.9941e-10,9.8037e-11,1.3702e-11,4.74e-10,5.0775e-10,1.3243e-11,2.0588e-11,4.5448e-10,4.7921e-10,9.985e-10,1.4839e-09,1.1247e-09,2.7438e-10,1.2432e-09,1.6658e-09,1.2747e-09,2.521e-10,1.2431e-09,2.7353e-09,8.8517e-10,7.7371e-10
1.1751e-10,2.1661e-09,6.7242e-09,2.5318e-10,1.4696e-09,5.0218e-10,2.2471e-09,1.4827e-11,4.6882e-10,7.8868e-11,1.7298e-10,1.2238e-09,1.0222e-09,7.3418e-10,3.412e-10,2.9911e-10,1.658e-10,7.2968e-10,7.0447e-11,3.9633e-10,5.1609e-10,2.8667e-10,2.3178e-11,4.5351e-11,3.8773e-10,4.6556e-10,7.4545e-10,1.1415e-09,6.6201e-10,2.2114e-11,1.8474e-10,4.9577e-10,1.099e-09,4.67e-09,9.7463e-10,2.3361e-09,1.3334e-09,4.0926e-10,1.8715e-09,9.3565e-10
1.693e-09,9.9015e-10,2.9617e-10,1.9858e-09,2.3443e-09,1.3113e-09,7.8489e-11,6.4234e-10,7.8868e-11,1.2742e-09,1.0901e-09,5.635e-10,1.8271e-10,1.5034e-10,4.2865e-10,2.415e-10,8.5176e-11,7.1268e-11,6.8777e-11,4.534e-10,2.0893e-10,2.5476e-11,6.6865e-11,2.4799e-10,4.3435e-11,4.0664e-10,6.2455e-10,9.3407e-10,2.7692e-10,9.7786e-11,1.284e-09,6.8741e-10,3.7195e-10,6.1456e-10,3.0671e-10,6.2691e-09,1.4439e-09,6.889e-10,1.286e-09,1.3603e-09
4.0388e-10,5.5195e-10,2.8733e-10,1.8621e-10,5.1235e-11,1.2459e-09,5.1743e-10,3.318e-10,1.7298e-10,1.0901e-09,1.3783e-10,2.1002e-10,1.4292e-09,7.8448e-10,3.6656e-10,3.549e-10,4.4156e-10,2.4925e-10,5.989e-10,8.8104e-11,1.7409e-10,1.1232e-10,1.6986e-10,1.179e-11,3.5217e-10,1.2592e-10,5.9094e-10,6.6141e-10,9.8975e-11,3.2955e-10,6.7506e-10,2.7972e-10,4.978e-10,1.4315e-09,1.2298e-09,1.9761e-09,1.2654e-09,4.3578e-10,1.9311e-10,6.0484e-10
1.6406e-09,6.1636e-10,6.6412e-10,4.8976e-11,1.834e-09,3.3397e-10,5.0498e-10,4.0285e-10,1.2238e-09,5.635e-10,2.1002e-10,1.1e-09,5.216e-10,1.2925e-11,6.5238e-10,2.7013e-10,3.1492e-10,1.6626e-10,8.8504e-11,5.0772e-11,2.6704e-11,4.9106e-11,1.8127e-10,2.7702e-10,6.5589e-10,8.1293e-12,1.286e-10,4.3634e-10,1.1321e-09,1.6281e-10,4.9453e-10,8.5448e-10,7.2588e-10,5.5134e-10,4.7462e-10,9.1188e-10,8.8391e-10,1.0861e-09,1.1667e-09,1.3304e-09
6.4215e-10,2.0667e-09,1.5395e-10,7.7394e-11,1.6157e-10,9.378e-10,1.0728e-09,1.4314e-10,1.0222e-09,1.8271e-10,1.4292e-09,5.216e-10,8.6245e-10,4.4766e-10,7.7691e-12,2.1441e-10,3.4015e-10,1.2247e-10,1.2809e-10,1.1823e-10,1.656e-10,1.0988e-10,2.3176e-10,3.2055e-10,3.8385e-10,4.571e-10,6.1074e-10,9.9274e-10,4.268e-10,7.2305e-10,1.5741e-10,3.5462e-10,2.9998e-10,1.0327e-09,3.3229e-11,1.9157e-10,2.0996e-10,6.1178e-10,8.2252e-10,2.6735e-09
1.0274e-09,1.9081e-09,1.7904e-10,2.1514e-09,3.2622e-10,9.5664e-10,6.4897e-11,6.7158e-10,7.3418e-10,1.5034e-10,7.8448e-10,1.2925e-11,4.4766e-10,3.635e-10,2.5987e-10,4.3375e-10,3.1102e-11,5.7509e-11,6.5759e-11,1.2905e-10,2.7473e-10,1.3936e-11,5.1591e-11,1.9703e-10,3.3333e-10,1.6389e-10,1.5359e-10,3.6028e-10,4.8507e-10,1.3244e-10,1.751e-10,5.0121e-11,1.1309e-10,7.1062e-10,1.3478e-09,6.2305e-10,1.5894e-09,1.0179e-09,5.3045e-11,6.6708e-10
1.1789e-10,1.3885e-09,3.1539e-10,4.7761e-11,8.8615e-11,4.7405e-10,7.2721e-11,3.8008e-10,3.412e-10,4.2865e-10,3.6656e-10,6.5238e-10,7.7691e-12,2.5987e-10,4.3156e-10,2.2285e-10,3.9737e-10,7.4389e-11,9.8646e-11,9.7811e-11,3.2489e-11,9.0134e-11,1.9723e-10,8.8715e-11,2.7236e-10,9.0769e-11,1.0305e-10,1.1405e-10,1.8326e-10,2.3452e-10,5.8178e-10,3.2945e-11,3.6133e-10,1.4722e-10,2.6439e-10,1.531e-10,9.9998e-10,4.4681e-10,4.4608e-10,5.421e-10
6.4616e-11,2.5219e-10,5.3158e-10,1.2589e-11,4.7216e-12,8.9488e-10,1.7097e-10,2.5595e-10,2.9911e-10,2.415e-10,3.549e-10,2.7013e-10,2.1441e-10,4.3375e-10,2.2285e-10,2.4251e-10,3.5188e-11,4.1705e-11,1.2855e-10,6.3567e-12,1.637e-10,8.4748e-11,1.7689e-10,1.688e-10,2.1295e-10,3.3733e-10,4.2651e-10,4.8945e-10,2.3226e-10,6.5652e-10,4.4508e-10,8.9166e-11,5.2109e-10,3.0785e-10,7.6396e-10,1.389e-09,1.2727e-10,4.7227e-10,6.3261e-11,1.4856e-09
6.5574e-11,1.1017e-09,2.1316e-09,1.3766e-10,4.5536e-10,4.4793e-11,3.5371e-10,2.8838e-10,1.658e-10,8.5176e-11,4.4156e-10,3.1492e-10,3.4015e-10,3.1102e-11,3.9737e-10,3.5188e-11,8.4407e-11,1.9107e-10,1.1328e-10,1.1308e-10,2.2004e-10,1.0049e-10,2.0063e-10,7.2877e-11,2.2587e-10,2.7907e-10,1.0416e-11,5.256e-11,2.35e-10,8.1182e-11,6.954e-11,1.7129e-11,1.0454e-10,6.2465e-10,3.4789e-10,1.1002e-09,1.6851e-10,7.6269e-10,3.3821e-10,8.5881e-10
1.4735e-09,2.0497e-09,1.3713e-09,8.5829e-11,4.2737e-10,2.5031e-11,2.0668e-11,1.087e-10,7.2968e-10,7.1268e-11,2.4925e-10,1.6626e-10,1.2247e-10,5.7509e-11,7.4389e-11,4.1705e-11,1.9107e-10,3.5443e-10,1.3895e-10,2.1366e-10,3.566e-10,2.2572e-10,3.6689e-11,9.2897e-11,7.9524e-11,2.0928e-10,1.4142e-10,4.3385e-10,7.7246e-11,1.9146e-10,1.67e-10,1.326e-10,1.7724e-10,6.1412e-11,2.6834e-11,1.4046e-10,1.0074e-10,1.1298e-09,1.8578e-09,2.4689e-11
3.6952e-11,1.7813e-09,4.5416e-10,1.688e-10,4.5611e-10,6.2696e-10,4.4462e-11,1.6836e-10,7.0447e-11,6.8777e-11,5.989e-10,8.8504e-11,1.2809e-10,6.5759e-11,9.8646e-11,1.2855e-10,1.1328e-10,1.3895e-10,2.2683e-10,3.194e-10,1.4848e-10,4.469e-10,3.4677e-10,1.0918e-10,3.5202e-11,1.0144e-10,6.888e-11,1.2116e-10,2.4272e-10,2.6607e-10,1.9893e-10,1.8465e-10,1.0469e-10,1.1913e-10,1.1118e-10,2.7319e-10,9.6338e-10,8.969e-10,6.5352e-10,2.7893e-10
2.8438e-10,3.9312e-10,1.8724e-11,1.0652e-09,3.6019e-10,9.6417e-11,3.7144e-10,2.9941e-10,3.9633e-10,4.534e-10,8.8104e-11,5.0772e-11,1.1823e-10,1.2905e-10,9.7811e-11,6.3567e-12,1.1308e-10,2.1366e-10,3.194e-10,1.8324e-09,2.0451e-09,4.6764e-10,4.3177e-10,1.179e-10,3.1313e-10,1.4994e-10,2.9234e-10,1.4652e-10,3.1037e-11,1.8958e-10,2.7287e-10,3.6052e-10,9.1185e-11,2.3844e-10,1.5233e-10,6.8517e-11,1.8093e-10,4.0457e-10,1.0877e-09,6.0016e-11
3.0462e-10,1.0626e-09,1.3736e-09,1.0107e-09,5.1281e-10,1.2007e-10,2.1994e-10,9.8037e-11,5.1609e-10,2.0893e-10,1.7409e-10,2.6704e-11,1.656e-10,2.7473e-10,3.2489e-11,1.637e-10,2.2004e-10,3.566e-10,1.4848e-10,2.0451e-09,4.6134e-10,1.5623e-10,2.2713e-10,1.1211e-10,2.3206e-10,1.1972e-10,4.011e-11,3.3561e-10,2.4349e-10,1.728e-10,1.9566e-10,3.4364e-10,6.8886e-11,3.9874e-10,7.0571e-11,4.6576e-10,1.0491e-10,6.0376e-10,1.3715e-09,4.7771e-10
4.7754e-10,1.6382e-09,2.1211e-10,1.2263e-10,5.6997e-10,5.567e-10,2.7541e-10,1.3702e-11,2.8667e-10,2.5476e-11,1.1232e-10,4.9106e-11,1.0988e-10,1.3936e-11,9.0134e-11,8.4748e-11,1.0049e-10,2.2572e-10,4.469e-10,4.6764e-10,1.5623e-10,5.4954e-10,1.2124e-10,3.2945e-10,2.2348e-10,8.2815e-11,2.3219e-11,2.2471e-10,7.2796e-12,1.0819e-10,5.2888e-11,5.7362e-10,3.2288e-10,5.0321e-10,1.0226e-09,2.833e-10,1.2284e-09,3.7028e-10,1.9792e-09,2.0202e-09
1.4918e-10,2.4593e-11,4.8894e-10,2.4504e-10,1.7789e-10,1.4832e-10,5.5767e-10,4.74e-10,2.3178e-11,6.6865e-11,1.6986e-10,1.8127e-10,2.3176e-10,5.1591e-11,1.9723e-10,1.7689e-10,2.0063e-10,3.6689e-11,3.4677e-10,4.3177e-10,2.2713e-10,1.2124e-10,2.04e-10,1.6314e-10,6.3066e-11,8.0246e-12,2.2771e-12,2.431e-10,1.6186e-10,3.9308e-10,1.1006e-11,3.7475e-11,3.6531e-10,3.8983e-10,3.5037e-12,4.9935e-10,5.9358e-11,5.013e-10,5.7874e-10,9.2713e-10
2.3521e-10,6.8477e-10,7.7374e-10,1.0518e-09,2.8045e-10,1.3648e-10,3.0912e-10,5.0775e-10,4.5351e-11,2.4799e-10,1.179e-11,2.7702e-10,3.2055e-10,1.9703e-10,8.8715e-11,1.688e-10,7.2877e-11,9.2897e-11,1.0918e-10,1.179e-10,1.1211e-10,3.2945e-10,1.6314e-10,1.941e-11,2.1508e-10,7.7459e-12,3.8472e-11,3.1467e-10,7.0454e-11,1.3141e-11,1.0352e-10,7.6855e-11,1.3486e-10,6.9787e-10,1.6811e-10,6.526e-10,2.5363e-10,1.0546e-10,1.5781e-09,9.6158e-10
1.0128e-09,5.6692e-10,1.1545e-09,3.6015e-10,9.5901e-10,5.8534e-12,4.0768e-10,1.3243e-11,3.8773e-10,4.3435e-11,3.5217e-10,6.5589e-10,3.8385e-10,3.3333e-10,2.7236e-10,2.1295e-10,2.2587e-10,7.9524e-11,3.5202e-11,3.1313e-10,2.3206e-10,2.2348e-10,6.3066e-11,2.1508e-10,4.521e-10,2.1805e-10,3.5618e-10,2.3597e-10,3.2319e-10,4.7983e-10,8.7599e-10,1.4113e-12,3.9747e-10,4.4388e-10,5.5144e-10,5.6155e-10,3.9018e-10,1.2205e-09,3.0792e-10,3.2425e-10
2.1205e-10,1.2575e-09,3.0133e-10,8.4027e-11,6.7511e-10,4.0577e-11,8.4644e-10,2.0588e-11,4.6556e-10,4.0664e-10,1.2592e-10,8.1293e-12,4.571e-10,1.6389e-10,9.0769e-11,3.3733e-10,2.7907e-10,2.0928e-10,1.0144e-10,1.4994e-10,1.1972e-10,8.2815e-11,8.0246e-12,7.7459e-12,2.1805e-10,8.6984e-11,8.556e-11,1.2221e-10,1.9535e-10,1.156e-10,4.4147e-10,1.8715e-10,4.5641e-10,1.3762e-11,2.842e-10,1.5771e-10,1.2266e-09,1.1523e-09,2.4944e-10,1.9695e-09
2.8237e-10,5.3034e-10,2.5995e-10,9.2699e-10,2.0318e-10,4.0109e-10,5.8281e-10,4.5448e-10,7.4545e-10,6.2455e-10,5.9094e-10,1.286e-10,6.1074e-10,1.5359e-10,1.0305e-10,4.2651e-10,1.0416e-11,1.4142e-10,6.888e-11,2.9234e-10,4.011e-11,2.3219e-11,2.2771e-12,3.8472e-11,3.5618e-10,8.556e-11,3.7683e-10,3.6071e-10,2.7106e-11,3.1101e-10,3.5782e-10,3.9373e-10,1.0017e-09,2.5904e-10,7.7541e-10,1.586e-10,2.4333e-09,1.635e-10,1.1951e-09,6.6578e-10
7.9393e-10,1.6814e-09,5.4367e-10,5.1722e-10,1.4394e-09,3.0042e-10,1.7252e-10,4.7921e-10,1.1415e-09,9.3407e-10,6.6141e-10,4.3634e-10,9.9274e-10,3.6028e-10,1.1405e-10,4.8945e-10,5.256e-11,4.3385e-10,1.2116e-10,1.4652e-10,3.3561e-10,2.2471e-10,2.431e-10,3.1467e-10,2.3597e-10,1.2221e-10,3.6071e-10,8.8684e-10,4.4067e-10,4.616e-11,1.1402e-09,6.7862e-10,9.4831e-12,2.0327e-10,6.8036e-10,1.2352e-09,2.6325e-10,4.3582e-10,4.6326e-11,2.6574e-10
3.7554e-11,3.7779e-11,1.8186e-10,1.2743e-09,1.3479e-09,1.2599e-09,3.2941e-10,9.985e-10,6.6201e-10,2.7692e-10,9.8975e-11,1.1321e-09,4.268e-10,4.8507e-10,1.8326e-10,2.3226e-10,2.35e-10,7.7246e-11,2.4272e-10,3.1037e-11,2.4349e-10,7.2796e-12,1.6186e-10,7.0454e-11,3.2319e-10,1.9535e-10,2.7106e-11,4.4067e-10,1.4785e-09,8.7705e-11,6.3947e-10,7.2471e-10,9.2502e-10,1.0847e-09,3.9859e-10,5.7157e-10,7.1722e-10,3.4675e-10,1.0108e-09,7.1573e-10
8.2915e-10,2.1477e-10,8.9847e-10,1.1437e-10,5.0006e-10,8.5971e-10,1.4494e-09,1.4839e-09,2.2114e-11,9.7786e-11,3.2955e-10,1.6281e-10,7.2305e-10,1.3244e-10,2.3452e-10,6.5652e-10,8.1182e-11,1.9146e-10,2.6607e-10,1.8958e-10,1.728e-10,1.0819e-10,3.9308e-10,1.3141e-11,4.7983e-10,1.156e-10,3.1101e-10,4.616e-11,8.7705e-11,5.1537e-10,6.5051e-10,6.4173e-10,2.1593e-10,1.3969e-09,1.0885e-10,8.8326e-10,4.498e-10,1.4268e-09,8.3046e-10,7.4534e-10
3.882e-10,2.3939e-09,1.1121e-09,1.8959e-09,9.5104e-10,8.0226e-10,1.816e-10,1.1247e-09,1.8474e-10,1.284e-09,6.7506e-10,4.9453e-10,1.5741e-10,1.751e-10,5.8178e-10,4.4508e-10,6.954e-11,1.67e-10,1.9893e-10,2.7287e-10,1.9566e-10,5.2888e-11,1.1006e-11,1.0352e-10,8.7599e-10,4.4147e-10,3.5782e-10,1.1402e-09,6.3947e-10,6.5051e-10,2.0136e-09,1.0533e-09,2.8437e-10,1.4869e-09,2.3413e-10,1.1964e-09,9.0049e-10,1.5802e-09,5.2098e-10,2.8768e-10
1.3975e-09,4.5911e-10,4.3957e-11,5.4877e-10,6.949e-10,3.7882e-09,1.7211e-09,2.7438e-10,4.9577e-10,6.8741e-10,2.7972e-10,8.5448e-10,3.5462e-10,5.0121e-11,3.2945e-11,8.9166e-11,1.7129e-11,1.326e-10,1.8465e-10,3.6052e-10,3.4364e-10,5.7362e-10,3.7475e-11,7.6855e-11,1.4113e-12,1.8715e-10,3.9373e-10,6.7862e-10,7.2471e-10,6.4173e-10,1.0533e-09,4.3727e-10,1.8136e-10,4.5073e-11,3.0815e-09,3.6047e-10,6.1651e-09,1.9567e-09,1.1119e-09,3.784e-10
5.0428e-10,4.6288e-10,6.2538e-09,6.8158e-10,2.4835e-09,3.641e-10,1.189e-09,1.2432e-09,1.099e-09,3.7195e-10,4.978e-10,7.2588e-10,2.9998e-10,1.1309e-10,3.6133e-10,5.2109e-10,1.0454e-10,1.7724e-10,1.0469e-10,9.1185e-11,6.8886e-11,3.2288e-10,3.6531e-10,1.3486e-10,3.9747e-10,4.5641e-10,1.0017e-09,9.4831e-12,9.2502e-10,2.1593e-10,2.8437e-10,1.8136e-10,1.2728e-09,8.8252e-10,1.5558e-09,4.308e-10,4.8925e-10,3.2486e-09,2.4625e-09,1.3771e-09
5.8699e-10,2.4147e-09,2.5521e-11,1.1879e-09,1.2242e-09,2.2672e-10,1.1259e-09,1.6658e-09,4.67e-09,6.1456e-10,1.4315e-09,5.5134e-10,1.0327e-09,7.1062e-10,1.4722e-10,3.0785e-10,6.2465e-10,6.1412e-11,1.1913e-10,2.3844e-10,3.9874e-10,5.0321e-10,3.8983e-10,6.9787e-10,4.4388e-10,1.3762e-11,2.5904e-10,2.0327e-10,1.0847e-09,1.3969e-09,1.4869e-09,4.5073e-11,8.8252e-10,1.2594e-09,1.9477e-09,1.2492e-10,1.2719e-09,4.1136e-10,1.9553e-09,9.2461e-10
2.117e-09,2.9208e-10,1.4993e-09,1.2398e-09,1.2882e-09,4.2653e-11,2.4673e-09,1.2747e-09,9.7463e-10,3.0671e-10,1.2298e-09,4.7462e-10,3.3229e-11,1.3478e-09,2.6439e-10,7.6396e-10,3.4789e-10,2.6834e-11,1.1118e-10,1.5233e-10,7.0571e-11,1.0226e-09,3.5037e-12,1.6811e-10,5.5144e-10,2.842e-10,7.7541e-10,6.8036e-10,3.9859e-10,1.0885e-10,2.3413e-10,3.0815e-09,1.5558e-09,1.9477e-09,1.6e-09,5.5909e-10,3.8791e-10,1.2375e-09,3.9077e-10,1.9218e-09
4.0823e-09,4.7188e-10,2.4675e-09,5.4436e-11,4.0173e-09,5.9527e-10,4.0087e-10,2.521e-10,2.3361e-09,6.2691e-09,1.9761e-09,9.1188e-10,1.9157e-10,6.2305e-10,1.531e-10,1.389e-09,1.1002e-09,1.4046e-10,2.7319e-10,6.8517e-11,4.6576e-10,2.833e-10,4.9935e-10,6.526e-10,5.6155e-10,1.5771e-10,1.586e-10,1.2352e-09,5.7157e-10,8.8326e-10,1.1964e-09,3.6047e-10,4.308e-10,1.2492e-10,5.5909e-10,4.4981e-10,9.8742e-11,3.3118e-09,2.8972e-09,1.2488e-09
9.7074e-10,3.1193e-09,2.4212e-12,2.1512e-09,1.9422e-09,6.4231e-10,1.7457e-09,1.2431e-09,1.3334e-09,1.4439e-09,1.2654e-09,8.8391e-10,2.0996e-10,1.5894e-09,9.9998e-10,1.2727e-10,1.6851e-10,1.0074e-10,9.6338e-10,1.8093e-10,1.0491e-10,1.2284e-09,5.9358e-11,2.5363e-10,3.9018e-10,1.2266e-09,2.4333e-09,2.6325e-10,7.1722e-10,4.498e-10,9.0049e-10,6.1651e-09,4.8925e-10,1.2719e-09,3.8791e-10,9.8742e-11,1.1176e-09,7.9207e-10,3.8524e-09,1.3804e-09
4.78e-09,2.8388e-09,4.2579e-10,2.0027e-09,3.8446e-10,2.0862e-09,3.3253e-10,2.7353e-09,4.0926e-10,6.889e-10,4.3578e-10,1.0861e-09,6.1178e-10,1.0179e-09,4.4681e-10,4.7227e-10,7.6269e-10,1.1298e-09,8.969e-10,4.0457e-10,6.0376e-10,3.7028e-10,5.013e-10,1.0546e-10,1.2205e-09,1.1523e-09,1.635e-10,4.3582e-10,3.4675e-10,1.4268e-09,1.5802e-09,1.9567e-09,3.2486e-09,4.1136e-10,1.2375e-09,3.3118e-09,7.9207e-10,8.748e-10,2.9568e-09,6.0286e-09
4.938e-09,9.1513e-10,1.1045e-09,3.4211e-09,1.5239e-09,4.738e-10,2.0541e-09,8.8517e-10,1.8715e-09,1.286e-09,1.9311e-10,1.1667e-09,8.2252e-10,5.3045e-11,4.4608e-10,6.3261e-11,3.3821e-10,1.8578e-09,6.5352e-10,1.0877e-09,1.3715e-09,1.9792e-09,5.7874e-10,1.5781e-09,3.0792e-10,2.4944e-10,1.1951e-09,4.6326e-11,1.0108e-09,8.3046e-10,5.2098e-10,1.1119e-09,2.4625e-09,1.9553e-09,3.9077e-10,2.8972e-09,3.8524e-09,2.9568e-09,2.9744e-09,9.4102e-10
3.9798e-09,2.7457e-10,6.4942e-09,3.7966e-09,7.6182e-10,1.0184e-09,9.5682e-10,7.7371e-10,9.3565e-10,1.3603e-09,6.0484e-10,1.3304e-09,2.6735e-09,6.6708e-10,5.421e-10,1.4856e-09,8.5881e-10,2.4689e-11,2.7893e-10,6.0016e-11,4.7771e-10,2.0202e-09,9.2713e-10,9.6158e-10,3.2425e-10,1.9695e-09,6.6578e-10,2.6574e-10,7.1573e-10,7.4534e-10,2.8768e-10,3.784e-10,1.3771e-09,9.2461e-10,1.9218e-09,1.2488e-09,1.3804e-09,6.0286e-09,9.4102e-10,4.0148e-09
